title,company,location,date_posted,requirements,link
Python Developer,Infosys,"Bengaluru, Karnataka, India",3 months ago,Posted: 3 months ago,https://in.linkedin.com/jobs/view/python-developer-at-infosys-4323369504?position=1&pageNum=0&refId=L1ZYYRc5m%2BAZhbi031%2BvNg%3D%3D&trackingId=LrgBFp66B9bdQdTvkc4ETg%3D%3D
Software Engineer - I - Python,Devsinc,"Lahore, Punjab, Pakistan",1 week ago,Posted: 1 week ago,https://pk.linkedin.com/jobs/view/software-engineer-i-python-at-devsinc-4440394688?position=2&pageNum=0&refId=L1ZYYRc5m%2BAZhbi031%2BvNg%3D%3D&trackingId=aZpYTA%2B3tm1aPHvQBQ%2FDtQ%3D%3D
Freelance Python Programmer (NumPy/SciPy),Vivid Resourcing,European Union,6 days ago,Posted: 6 days ago,https://www.linkedin.com/jobs/view/freelance-python-programmer-numpy-scipy-at-vivid-resourcing-4440576235?position=3&pageNum=0&refId=L1ZYYRc5m%2BAZhbi031%2BvNg%3D%3D&trackingId=6f2qTEdRa9rFggiwmTS%2BVA%3D%3D
Python Developer,Infosys,"Bengaluru East, Karnataka, India",5 days ago,Posted: 5 days ago,https://in.linkedin.com/jobs/view/python-developer-at-infosys-4439959297?position=4&pageNum=0&refId=L1ZYYRc5m%2BAZhbi031%2BvNg%3D%3D&trackingId=LzZ9iP4yn0VR8VFT%2BbMCvA%3D%3D
Associate - Python Data Engineer - GDC,PwC India,"Kolkata, West Bengal, India",4 days ago,Posted: 4 days ago,https://in.linkedin.com/jobs/view/associate-python-data-engineer-gdc-at-pwc-india-4291069034?position=5&pageNum=0&refId=L1ZYYRc5m%2BAZhbi031%2BvNg%3D%3D&trackingId=Z0ixDdYm9iuaGpwrzeLFgQ%3D%3D
Python Developer,Infosys,"Chennai, Tamil Nadu, India",2 weeks ago,Posted: 2 weeks ago,https://in.linkedin.com/jobs/view/python-developer-at-infosys-4436057378?position=6&pageNum=0&refId=L1ZYYRc5m%2BAZhbi031%2BvNg%3D%3D&trackingId=BY%2B0ndVPGadcGSQ0m3Umqg%3D%3D
DESARROLLADOR/A PYTHON (HIBRIDO),IRIUM,"Madrid, Community of Madrid, Spain",1 week ago,Posted: 1 week ago,https://es.linkedin.com/jobs/view/desarrollador-a-python-hibrido-at-irium-4439785817?position=7&pageNum=0&refId=L1ZYYRc5m%2BAZhbi031%2BvNg%3D%3D&trackingId=H84VaLpUYWJ%2BDEtnysBEqA%3D%3D
Python GenAI developer,Deloitte,"Gurugram, Haryana, India",5 days ago,Posted: 5 days ago,https://in.linkedin.com/jobs/view/python-genai-developer-at-deloitte-4438099810?position=8&pageNum=0&refId=L1ZYYRc5m%2BAZhbi031%2BvNg%3D%3D&trackingId=t78S3vLYWA63so4lBmjj7Q%3D%3D
Python Developer,Infosys,"Chennai, Tamil Nadu, India",2 days ago,Posted: 2 days ago,https://in.linkedin.com/jobs/view/python-developer-at-infosys-4441341570?position=9&pageNum=0&refId=L1ZYYRc5m%2BAZhbi031%2BvNg%3D%3D&trackingId=7BdfeXdvHES7%2FdZpEcyhww%3D%3D
Python Developer,Atos,"Phoenix, AZ",6 days ago,Posted: 6 days ago,https://www.linkedin.com/jobs/view/python-developer-at-atos-4437608828?position=10&pageNum=0&refId=L1ZYYRc5m%2BAZhbi031%2BvNg%3D%3D&trackingId=cBm8EknbTuRfxjAelr0TPA%3D%3D
Python Developer,Euphoric Thought Technologies Pvt. Ltd.,"Noida, Uttar Pradesh, India",6 days ago,Posted: 6 days ago,https://in.linkedin.com/jobs/view/python-developer-at-euphoric-thought-technologies-pvt-ltd-4438003066?position=11&pageNum=0&refId=L1ZYYRc5m%2BAZhbi031%2BvNg%3D%3D&trackingId=gEqkX%2FxHczAvHzIYjY8PTA%3D%3D
Python Developer,Capco,"Bengaluru, Karnataka, India",3 weeks ago,Posted: 3 weeks ago,https://in.linkedin.com/jobs/view/python-developer-at-capco-4432163187?position=12&pageNum=0&refId=L1ZYYRc5m%2BAZhbi031%2BvNg%3D%3D&trackingId=NjFQmlHqhpr2r%2FpULZU%2BPw%3D%3D
Python Developer,Infosys,"Bucharest, Bucharest, Romania",1 week ago,Posted: 1 week ago,https://ro.linkedin.com/jobs/view/python-developer-at-infosys-4437290610?position=13&pageNum=0&refId=L1ZYYRc5m%2BAZhbi031%2BvNg%3D%3D&trackingId=a%2F7zCJvo9gls%2FvxMrWwL1Q%3D%3D
Python Developer,TEKsystems,"Milwaukee, WI",6 days ago,Posted: 6 days ago,https://www.linkedin.com/jobs/view/python-developer-at-teksystems-4440389982?position=14&pageNum=0&refId=L1ZYYRc5m%2BAZhbi031%2BvNg%3D%3D&trackingId=TBAxBbryRF%2FmKofR1NPHjA%3D%3D
Python Gen AI Developer,Infosys,"Bengaluru East, Karnataka, India",1 week ago,Posted: 1 week ago,https://in.linkedin.com/jobs/view/python-gen-ai-developer-at-infosys-4436806212?position=15&pageNum=0&refId=L1ZYYRc5m%2BAZhbi031%2BvNg%3D%3D&trackingId=qHsI%2BaKapzc%2B86GA%2BthWlQ%3D%3D
Python Developer,hackajob,"Bengaluru, Karnataka, India",4 days ago,Posted: 4 days ago,https://in.linkedin.com/jobs/view/python-developer-at-hackajob-4406216776?position=16&pageNum=0&refId=L1ZYYRc5m%2BAZhbi031%2BvNg%3D%3D&trackingId=xc965ZW5o7y9motw8hiX8Q%3D%3D
Python Developer,Infosys,"Hyderabad, Telangana, India",1 day ago,Posted: 1 day ago,https://in.linkedin.com/jobs/view/python-developer-at-infosys-4441743376?position=17&pageNum=0&refId=L1ZYYRc5m%2BAZhbi031%2BvNg%3D%3D&trackingId=Nzjb%2FuIZKTn8ThXuFwmf2A%3D%3D
Backend Developer (Python),Amphora Logistics,"Barcelona, Catalonia, Spain",5 days ago,Posted: 5 days ago,https://es.linkedin.com/jobs/view/backend-developer-python-at-amphora-logistics-4439920031?position=18&pageNum=0&refId=L1ZYYRc5m%2BAZhbi031%2BvNg%3D%3D&trackingId=p3KyyTGfJYIvChJcJ4%2Fycw%3D%3D
Python Developer,Qloron Pvt Ltd,Mumbai Metropolitan Region,6 days ago,Posted: 6 days ago,https://in.linkedin.com/jobs/view/python-developer-at-qloron-pvt-ltd-4439496285?position=19&pageNum=0&refId=L1ZYYRc5m%2BAZhbi031%2BvNg%3D%3D&trackingId=wxVy7DO8o4MwaRyi%2B7mP%2Bg%3D%3D
Python developer,Distillery,Latin America,1 week ago,Posted: 1 week ago,https://www.linkedin.com/jobs/view/python-developer-at-distillery-4440077705?position=20&pageNum=0&refId=L1ZYYRc5m%2BAZhbi031%2BvNg%3D%3D&trackingId=WLeO5ia5uxWPzgwNgHmLrw%3D%3D
Python Gen AI Developer,Infosys,"Pune Division, Maharashtra, India",1 week ago,Posted: 1 week ago,https://in.linkedin.com/jobs/view/python-gen-ai-developer-at-infosys-4436810101?position=21&pageNum=0&refId=L1ZYYRc5m%2BAZhbi031%2BvNg%3D%3D&trackingId=0Cdy%2FvLWEGQFi8sMWxTrrA%3D%3D
Python Developer,Ubiquity,"Taguig, National Capital Region, Philippines",6 days ago,Posted: 6 days ago,https://ph.linkedin.com/jobs/view/python-developer-at-ubiquity-4439842505?position=22&pageNum=0&refId=L1ZYYRc5m%2BAZhbi031%2BvNg%3D%3D&trackingId=2JZGDZRoV94n9VNnzsj1OA%3D%3D
Sr Python Software Engineer,BridgeView,"Broomfield, CO",6 days ago,Posted: 6 days ago,https://www.linkedin.com/jobs/view/sr-python-software-engineer-at-bridgeview-4440334355?position=23&pageNum=0&refId=L1ZYYRc5m%2BAZhbi031%2BvNg%3D%3D&trackingId=hBLnL4538B0hEtcwaOQ7ZQ%3D%3D
Python Developer,Envision Technology Solutions,"Malvern, PA",6 days ago,Posted: 6 days ago,https://www.linkedin.com/jobs/view/python-developer-at-envision-technology-solutions-4439472649?position=24&pageNum=0&refId=L1ZYYRc5m%2BAZhbi031%2BvNg%3D%3D&trackingId=I9rcwWS%2B%2F8DeIO9PzXCi0g%3D%3D
Python & FastAPI Developer,Shakers,"Madrid, Community of Madrid, Spain",1 week ago,Posted: 1 week ago,https://es.linkedin.com/jobs/view/python-fastapi-developer-at-shakers-4437281565?position=25&pageNum=0&refId=L1ZYYRc5m%2BAZhbi031%2BvNg%3D%3D&trackingId=MCFWuo0%2FbS1Eq228VTOHpQ%3D%3D
Python Core Engineer,AISLE™,"Prague, Prague, Czechia",6 days ago,Posted: 6 days ago,https://cz.linkedin.com/jobs/view/python-core-engineer-at-aisle%E2%84%A2-4440377392?position=26&pageNum=0&refId=L1ZYYRc5m%2BAZhbi031%2BvNg%3D%3D&trackingId=Ko1VfrYcCi%2BvMgnvOuF7AQ%3D%3D
Senior Associate - Python Data Engineer - GDC,PwC India,"Kolkata, West Bengal, India",5 days ago,Posted: 5 days ago,https://in.linkedin.com/jobs/view/senior-associate-python-data-engineer-gdc-at-pwc-india-4291064725?position=27&pageNum=0&refId=L1ZYYRc5m%2BAZhbi031%2BvNg%3D%3D&trackingId=5%2Bol0biNDZR35lG6K8u6qw%3D%3D
Python Developer,Nicoll Curtin,"Singapore, Singapore",6 days ago,Posted: 6 days ago,https://sg.linkedin.com/jobs/view/python-developer-at-nicoll-curtin-4439828013?position=28&pageNum=0&refId=L1ZYYRc5m%2BAZhbi031%2BvNg%3D%3D&trackingId=QyKVq3cUwKq0zj47%2FQ2OLg%3D%3D
Python Backend Developer,Capco,"Bengaluru, Karnataka, India",2 weeks ago,Posted: 2 weeks ago,https://in.linkedin.com/jobs/view/python-backend-developer-at-capco-4436715706?position=29&pageNum=0&refId=L1ZYYRc5m%2BAZhbi031%2BvNg%3D%3D&trackingId=XT1etmEVYmUqC5TxdGS2cA%3D%3D
Python Developer,Capco,"Bengaluru, Karnataka, India",1 week ago,Posted: 1 week ago,https://in.linkedin.com/jobs/view/python-developer-at-capco-4436507922?position=30&pageNum=0&refId=L1ZYYRc5m%2BAZhbi031%2BvNg%3D%3D&trackingId=yaYCcQR11KCo1pmPQSrUAw%3D%3D
Python _GenAI/ML Developer,Infosys,"Bengaluru East, Karnataka, India",1 week ago,Posted: 1 week ago,https://in.linkedin.com/jobs/view/python-genai-ml-developer-at-infosys-4418297755?position=31&pageNum=0&refId=L1ZYYRc5m%2BAZhbi031%2BvNg%3D%3D&trackingId=W0W%2Fnh8BAKpL8KDuNC106w%3D%3D
Python Developer,Wipro,"Hyderabad, Telangana, India",2 weeks ago,Posted: 2 weeks ago,https://in.linkedin.com/jobs/view/python-developer-at-wipro-4436487253?position=32&pageNum=0&refId=L1ZYYRc5m%2BAZhbi031%2BvNg%3D%3D&trackingId=%2F24vR%2BKzC%2F%2BYQZlIMpCeeg%3D%3D
Python API Developer,Saransh Inc,"Charlotte, NC",6 days ago,Posted: 6 days ago,https://www.linkedin.com/jobs/view/python-api-developer-at-saransh-inc-4439864460?position=33&pageNum=0&refId=L1ZYYRc5m%2BAZhbi031%2BvNg%3D%3D&trackingId=jsuosQ9eRmYP01rdqWonuA%3D%3D
Python Developer,Adecco,"Dublin, County Dublin, Ireland",6 days ago,Posted: 6 days ago,https://ie.linkedin.com/jobs/view/python-developer-at-adecco-4437654550?position=34&pageNum=0&refId=L1ZYYRc5m%2BAZhbi031%2BvNg%3D%3D&trackingId=XQDtErRFy5MM56Wil9Bxaw%3D%3D
Python Developer,Oliver Bernard,"London Area, United Kingdom",6 days ago,Posted: 6 days ago,https://uk.linkedin.com/jobs/view/python-developer-at-oliver-bernard-4437697652?position=35&pageNum=0&refId=L1ZYYRc5m%2BAZhbi031%2BvNg%3D%3D&trackingId=yZNiF63dWip0N3ApVY%2FvKA%3D%3D
Python Test Engineer,Infosys,"Bengaluru East, Karnataka, India",1 day ago,Posted: 1 day ago,https://in.linkedin.com/jobs/view/python-test-engineer-at-infosys-4433468870?position=36&pageNum=0&refId=L1ZYYRc5m%2BAZhbi031%2BvNg%3D%3D&trackingId=lDEOsy%2BOYDXJdeZlP3UIsA%3D%3D
Backend Python Developer,Rose International,"Rutherford, NJ",6 days ago,Posted: 6 days ago,https://www.linkedin.com/jobs/view/backend-python-developer-at-rose-international-4437621128?position=37&pageNum=0&refId=L1ZYYRc5m%2BAZhbi031%2BvNg%3D%3D&trackingId=T6%2BGPrDYbGk2mAjz4Sakmg%3D%3D
Software Engineer (Python),Audatic,"Berlin, Germany",1 week ago,Posted: 1 week ago,https://de.linkedin.com/jobs/view/software-engineer-python-at-audatic-4439414435?position=38&pageNum=0&refId=L1ZYYRc5m%2BAZhbi031%2BvNg%3D%3D&trackingId=dBAUFVT78fuj8JaShxdGLA%3D%3D
Python Developer,Tap Growth ai,"Taguig, National Capital Region, Philippines",6 days ago,Posted: 6 days ago,https://ph.linkedin.com/jobs/view/python-developer-at-tap-growth-ai-4439831730?position=39&pageNum=0&refId=L1ZYYRc5m%2BAZhbi031%2BvNg%3D%3D&trackingId=gE8F9IdIQE0iNzf%2BO%2FfFtg%3D%3D
Python Developer,Persistent Systems,"Bengaluru, Karnataka, India",6 days ago,Posted: 6 days ago,https://in.linkedin.com/jobs/view/python-developer-at-persistent-systems-4437672549?position=40&pageNum=0&refId=L1ZYYRc5m%2BAZhbi031%2BvNg%3D%3D&trackingId=ZP4wqnn1dx4OkB9pL0byGA%3D%3D
Python Developer - Remote,YO IT Consulting,Thailand,6 days ago,Posted: 6 days ago,https://th.linkedin.com/jobs/view/python-developer-remote-at-yo-it-consulting-4439491743?position=41&pageNum=0&refId=L1ZYYRc5m%2BAZhbi031%2BvNg%3D%3D&trackingId=%2BYe2G4LqddTDVUJ9BUZBEQ%3D%3D
Python AWS Developer,Infosys,"Bengaluru East, Karnataka, India",1 week ago,Posted: 1 week ago,https://in.linkedin.com/jobs/view/python-aws-developer-at-infosys-4438353286?position=42&pageNum=0&refId=L1ZYYRc5m%2BAZhbi031%2BvNg%3D%3D&trackingId=%2BWBfKPpAU47ohn6UKVDJDQ%3D%3D
Python Gen AI Developer,Infosys,"Chennai, Tamil Nadu, India",1 week ago,Posted: 1 week ago,https://in.linkedin.com/jobs/view/python-gen-ai-developer-at-infosys-4436591880?position=43&pageNum=0&refId=L1ZYYRc5m%2BAZhbi031%2BvNg%3D%3D&trackingId=IJF%2BnPgw1CkA%2BDNubJH7zQ%3D%3D
Python Developer,Tower Research Capital,"Gurgaon, Haryana, India",2 weeks ago,Posted: 2 weeks ago,https://in.linkedin.com/jobs/view/python-developer-at-tower-research-capital-4387271287?position=44&pageNum=0&refId=L1ZYYRc5m%2BAZhbi031%2BvNg%3D%3D&trackingId=vkQE%2FChZiCM4MfH2Y1csWA%3D%3D
Desarrollador de Python,Aubay Spain,"Madrid, Community of Madrid, Spain",1 week ago,Posted: 1 week ago,https://es.linkedin.com/jobs/view/desarrollador-de-python-at-aubay-spain-4437259625?position=45&pageNum=0&refId=L1ZYYRc5m%2BAZhbi031%2BvNg%3D%3D&trackingId=cv9rTA46zpgeIgu6KeHscw%3D%3D
IN-Senior Associate_ Python Developers _Advisory Corporate_ Bangalore,PwC India,"Bengaluru, Karnataka, India",3 hours ago,Posted: 3 hours ago,https://in.linkedin.com/jobs/view/in-senior-associate-python-developers-advisory-corporate-bangalore-at-pwc-india-4292875116?position=46&pageNum=0&refId=L1ZYYRc5m%2BAZhbi031%2BvNg%3D%3D&trackingId=um%2BnxHqrIRQs9KJ0hGgGaA%3D%3D
Python Backend Developer IRC297068,GlobalLogic,"Bengaluru, Karnataka, India",1 week ago,Posted: 1 week ago,https://in.linkedin.com/jobs/view/python-backend-developer-irc297068-at-globallogic-4430384592?position=47&pageNum=0&refId=L1ZYYRc5m%2BAZhbi031%2BvNg%3D%3D&trackingId=V2L%2F3DL7VdK0r9Z2yH%2FrRw%3D%3D
Python Developer,IQVIA India,"Bengaluru, Karnataka, India",1 week ago,Posted: 1 week ago,https://in.linkedin.com/jobs/view/python-developer-at-iqvia-india-4436522241?position=48&pageNum=0&refId=L1ZYYRc5m%2BAZhbi031%2BvNg%3D%3D&trackingId=A7YJNAQ1woxcXU12001lOA%3D%3D
Python Developer - Fully Remote | Upto $50/hr,Mercor,"London, England, United Kingdom",2 weeks ago,Posted: 2 weeks ago,https://uk.linkedin.com/jobs/view/python-developer-fully-remote-upto-%2450-hr-at-mercor-4431933173?position=49&pageNum=0&refId=L1ZYYRc5m%2BAZhbi031%2BvNg%3D%3D&trackingId=iG%2BMvMHUTSE5u0utNa9OBA%3D%3D
Python Developer - Fully Remote | Upto $50/hr,Mercor,India,6 days ago,Posted: 6 days ago,https://in.linkedin.com/jobs/view/python-developer-fully-remote-upto-%2450-hr-at-mercor-4432090310?position=50&pageNum=0&refId=L1ZYYRc5m%2BAZhbi031%2BvNg%3D%3D&trackingId=VRHVVnvfv%2BhWeZVumZG45w%3D%3D
Python Developer - Remote,YO IT Consulting,Romania,6 days ago,Posted: 6 days ago,https://ro.linkedin.com/jobs/view/python-developer-remote-at-yo-it-consulting-4439494683?position=51&pageNum=0&refId=L1ZYYRc5m%2BAZhbi031%2BvNg%3D%3D&trackingId=%2FDnA%2BJwU7KIOXOhUjrtyJw%3D%3D
Python AI Engineer,CoreTek Labs,"Cleveland, OH",6 days ago,Posted: 6 days ago,https://www.linkedin.com/jobs/view/python-ai-engineer-at-coretek-labs-4439873082?position=52&pageNum=0&refId=L1ZYYRc5m%2BAZhbi031%2BvNg%3D%3D&trackingId=w%2FTiiC5%2F%2Ft9gojCpgSrU%2BQ%3D%3D
Python Engineer,Virtusa,"Andhra Pradesh, India",1 week ago,Posted: 1 week ago,https://in.linkedin.com/jobs/view/python-engineer-at-virtusa-4408429111?position=53&pageNum=0&refId=L1ZYYRc5m%2BAZhbi031%2BvNg%3D%3D&trackingId=%2BR6fMiA5dpezNCCj0WvHVA%3D%3D
Python Developer,Deqode,"Bengaluru, Karnataka, India",11 months ago,Posted: 11 months ago,https://in.linkedin.com/jobs/view/python-developer-at-deqode-4276256807?position=54&pageNum=0&refId=L1ZYYRc5m%2BAZhbi031%2BvNg%3D%3D&trackingId=kG6PPhDYmQi6GximhIPLtA%3D%3D
Python AI Engineer,Rose International,"Mississauga, Ontario, Canada",6 days ago,Posted: 6 days ago,https://ca.linkedin.com/jobs/view/python-ai-engineer-at-rose-international-4437616263?position=55&pageNum=0&refId=L1ZYYRc5m%2BAZhbi031%2BvNg%3D%3D&trackingId=aZbpUfyH%2BpvsCK408ThUOA%3D%3D
Junior Python Developer,RSM UK,"Greater London, England, United Kingdom",6 days ago,Posted: 6 days ago,https://uk.linkedin.com/jobs/view/junior-python-developer-at-rsm-uk-4439473426?position=56&pageNum=0&refId=L1ZYYRc5m%2BAZhbi031%2BvNg%3D%3D&trackingId=BYQJCo9ciTi7gbHhYaIRqw%3D%3D
Desenvolvedor(a) Python (Desenvolvimento),Omie,Brazil,2 weeks ago,Posted: 2 weeks ago,https://br.linkedin.com/jobs/view/desenvolvedor-a-python-desenvolvimento-at-omie-4433714533?position=57&pageNum=0&refId=L1ZYYRc5m%2BAZhbi031%2BvNg%3D%3D&trackingId=qfT06AA62GK80ByVmu9NNQ%3D%3D
Python Software Engineer,Macquarie Group,"Gurugram, Haryana, India",1 week ago,Posted: 1 week ago,https://in.linkedin.com/jobs/view/python-software-engineer-at-macquarie-group-4437273234?position=58&pageNum=0&refId=L1ZYYRc5m%2BAZhbi031%2BvNg%3D%3D&trackingId=vwEZWPoFIHE0O1w2PGHzsQ%3D%3D
Fullstack (React+Python) Developer,Infosys,"Bengaluru East, Karnataka, India",3 days ago,Posted: 3 days ago,https://in.linkedin.com/jobs/view/fullstack-react%2Bpython-developer-at-infosys-4432955395?position=59&pageNum=0&refId=L1ZYYRc5m%2BAZhbi031%2BvNg%3D%3D&trackingId=lQrJk4YZ4umtxz7aW00HiA%3D%3D
Python Developer,Persistent Systems,"Bengaluru, Karnataka, India",6 days ago,Posted: 6 days ago,https://in.linkedin.com/jobs/view/python-developer-at-persistent-systems-4437694443?position=60&pageNum=0&refId=L1ZYYRc5m%2BAZhbi031%2BvNg%3D%3D&trackingId=aeLYq61MBlFnUc7ES7KRLg%3D%3D
Geeta Shah,Working at Infosys as Talent Acquisition,Remote,Recently,"Direct message the job poster from Infosys

Geeta Shah
Geeta Shah
Working at Infosys as Talent Acquisition

Educational Requirements

Bachelor of Engineering,BCA,BSc,MTech,MCA,MSc

Service Line

Engineering Services

Responsibilities

A day in the life of an Infoscion • As part of the Infosys delivery team, your primary role would be to interface with the client for quality assurance, issue resolution and ensuring high customer satisfaction. • You will understand requirements, create and review designs, validate the architecture and ensure high levels of service offerings to clients in the technology domain. • You will participate in project estimation, provide inputs for solution delivery, conduct technical risk planning, perform code reviews and unit test plan reviews. • You will lead and guide your teams towards developing optimized high quality code deliverables, continual knowledge management and adherence to the organizational guidelines and processes. • You would be a key contributor to building efficient programs/ systems and if you think you fit right in to help our clients navigate their next in their digital transformation journey, this is the place for you! If you think you fit right in to help our clients navigate their next in their digital transformation journey, this is the place for you!

Additional Responsibilities:

• Knowledge of more than one technology • Basics of Architecture and Design fundamentals • Knowledge of Testing tools • Knowledge of agile methodologies • Understanding of Project life cycle activities on development and maintenance projects • Understanding of one or more Estimation methodologies, Knowledge of Quality processes • Basics of business domain to understand the business requirements • Analytical abilities, Strong Technical Skills, Good communication skills • Good understanding of the technology and domain • Ability to demonstrate a sound understanding of software quality assurance principles, SOLID design principles and modelling methods • Awareness of latest technologies and trends • Excellent problem solving, analytical and debugging skills

Technical and Professional Requirements:

• Primary skills:Technology->OpenSystem->Python - OpenSystem

Preferred Skills:

Technology->OpenSystem->Python - OpenSystem




Show more 
Seniority level
Mid-Senior level
Employment type
Full-time
Job function
Information Technology
Industries
IT Services and IT Consulting",https://in.linkedin.com/in/geetashah23
Seniority level,N/A,Remote,Recently,Click 'Apply Now' for full details,N/A
