title,company,location,requirements,link
Jobs search,Quik Hire Staffing,Remote,"Remote
                
                
                    Filter by Remote",https://www.linkedin.com/jobs/view/4442567600/?eBP=BUDGET_EXHAUSTED_JOB&refId=qBLzhuETKeTeE4AV%2Bsp22g%3D%3D&trackingId=%2BTS7avnorBYTKeyRqGXQNQ%3D%3D&trk=flagship3_search_srp_jobs
FrontEnd Web Developer (Remote),N/A,Remote,N/A,https://www.linkedin.com/jobs/view/4442582108/?eBP=NOT_ELIGIBLE_FOR_CHARGING&refId=qBLzhuETKeTeE4AV%2Bsp22g%3D%3D&trackingId=04f7uh2oBui%2FNiMOh7fwVQ%3D%3D&trk=flagship3_search_srp_jobs
Junior React Developer,N/A,Remote,N/A,https://www.linkedin.com/jobs/view/4442075365/?eBP=NOT_ELIGIBLE_FOR_CHARGING&refId=qBLzhuETKeTeE4AV%2Bsp22g%3D%3D&trackingId=lAhdLQjZPC3FqCQ8p0A4aw%3D%3D&trk=flagship3_search_srp_jobs
Junior Software Engineer - Guaranteed Hours Contract Available,N/A,Remote,N/A,https://www.linkedin.com/jobs/view/4365239253/?eBP=NOT_ELIGIBLE_FOR_CHARGING&refId=qBLzhuETKeTeE4AV%2Bsp22g%3D%3D&trackingId=Rk2wEY768hP3WpUXK23KUQ%3D%3D&trk=flagship3_search_srp_jobs
Javascript Developer - Remote,N/A,Remote,N/A,https://www.linkedin.com/jobs/view/4437945393/?eBP=NOT_ELIGIBLE_FOR_CHARGING&refId=qBLzhuETKeTeE4AV%2Bsp22g%3D%3D&trackingId=pMk1g1%2Bs1LkhvPDMeOFneQ%3D%3D&trk=flagship3_search_srp_jobs
Full Stack Developer | Remote,N/A,Remote,N/A,https://www.linkedin.com/jobs/view/4422517182/?eBP=NOT_ELIGIBLE_FOR_CHARGING&refId=qBLzhuETKeTeE4AV%2Bsp22g%3D%3D&trackingId=Uinc4lNBA%2FvkpZGgUzdthg%3D%3D&trk=flagship3_search_srp_jobs
Software Support Engineer,N/A,Remote,N/A,https://www.linkedin.com/jobs/view/4434726056/?eBP=NOT_ELIGIBLE_FOR_CHARGING&refId=qBLzhuETKeTeE4AV%2Bsp22g%3D%3D&trackingId=oOqY%2F3SShmaYegg5%2Fmoplw%3D%3D&trk=flagship3_search_srp_jobs
Are these results helpful?,N/A,Remote,Your feedback helps us improve search results.,N/A
Job search faster with Premium,N/A,Remote,"Access company insights like strategic priorities, headcount trends, and more",http://www.linkedin.com/premium/products/?upsellOrderOrigin=Tracking%3Av1%3Apremium_job_details_how_you_match_upsell%3AJob+Seeker%3AIn-Product&utype=job&referenceId=xShKFiUsR9aidHLuqZH1hw%3D%3D&isSS=false&upsellSlotId=JOB_DETAILS_HOW_YOU_MATCH&destRedirectURL=https%3A%2F%2Fwww.linkedin.com%2Fjobs%2Fsearch%2F%3FcurrentJobId%3D4442567600%26f_WT%3D2%26keywords%3DReact%2520Developer
About the company,11-50 employees,Remote,"Quik Hire Staffing Solutions is dedicated to helping businesses hire smarter, faster, and more efficiently. We specialize in providing high-quality staffing and recruitment solutions tailored to the unique needs of each organization. Whether you're scaling quickly, filling urgent roles, or seeking long-term talent partnerships, we deliver a seamless hiring experience designed for today’s competitive market.

At Quik Hire, our mission is simple: bridge the gap between exceptional talent and forward-thinking companies.

We combine industry expertise, modern recruitment tools, and a people-first approach to ensure every match is the right fit.

What we offer:
• Rapid and reliable staffing solutions
• Skilled and vetted candidate placements
• Temporary, permanent, and contract hiring
• Customized recruitment strategies
• Dedicated support from start to finish

If you're ready to accelerate your hiring or explore new career opportunities, let’s connect.

Quik Hire Staffing Solutions — Fast. Focused. Future-Ready.
…
show more",https://www.linkedin.com/company/quik-hire-staffing/life/
